frame,cpu_ms,gpu_ms
0,16.7134,1.0992
1,16.6510,1.0981
2,16.7003,1.2008
3,16.6483,1.2359
4,16.7074,1.4652
5,16.6662,1.6858
6,16.6893,1.5688
7,16.6639,3.0960
8,16.7079,3.2212
9,16.6920,3.1680
10,16.6495,3.1248
11,16.6970,3.1062
12,16.6667,3.1998
13,16.6707,1.1109
14,16.7235,1.0984
15,16.6440,1.1012
16,16.6742,1.1736
17,16.7146,1.2473
18,16.6869,1.3920
19,16.6623,1.7476
20,16.6758,1.7908
21,16.6676,2.6204
22,16.7093,3.2461
23,16.6797,3.2016
24,16.6464,3.1851
25,16.6846,1.0963
26,16.7273,1.0956
27,16.7016,1.1092
28,16.6086,1.0985
29,16.6806,1.2554
30,16.6880,1.2475
31,16.6807,1.5693
32,16.6787,1.7675
33,16.7124,1.9367
34,16.6464,3.5986
35,16.7092,3.1792
36,16.6881,3.1870
37,16.6604,3.1889
38,16.6642,3.2055
39,16.6740,1.0959
40,16.7006,1.4413
41,16.7063,1.0983
42,16.6505,1.1004
43,16.6885,1.4737
44,16.7411,1.3915
45,16.6034,1.5908
46,16.6969,1.7925
47,16.6625,1.8989
48,16.6971,3.6033
49,16.6691,3.1093
50,16.6889,3.2265
51,16.6653,3.1066
52,16.7275,2.8799
53,16.6384,3.1015
54,16.6745,3.2076
55,16.6837,2.8656
56,16.7355,2.7837
57,16.6347,2.7870
58,16.7542,2.8912
59,16.5999,2.7994
60,16.6802,3.6474
61,16.6727,3.1046
62,16.7011,3.1673
63,16.6588,3.1769
64,16.6899,2.8206
65,16.6845,1.0896
66,16.7300,1.0894
67,16.6234,1.0871
68,16.7075,1.0940
69,16.6483,1.2559
70,16.6938,1.3914
71,16.6729,1.7481
72,16.6847,1.7570
73,16.6802,1.5720
74,16.6716,2.7637
75,16.6898,3.1081
76,16.6850,3.1066
77,16.6682,3.1041
78,16.6778,3.1041
79,16.6762,1.1081
80,16.6969,1.1045
81,16.6829,1.0987
82,16.6884,1.1035
83,16.6598,1.2653
84,16.6852,1.3975
85,16.6768,1.3994
86,16.7064,1.7639
87,16.6482,1.5734
88,16.6859,2.7362
89,16.6801,3.1027
90,16.6913,3.1200
91,16.6730,3.1040
92,16.6913,3.1559
93,16.6675,3.8660
94,16.6915,3.4438
95,16.6599,3.0742
96,16.6937,3.1111
97,16.6687,3.1069
98,16.6950,3.1085
99,16.6745,3.1076
100,16.6878,3.1354
101,16.6847,1.6765
102,16.6775,1.9745
103,16.6691,1.7498
104,16.6940,1.7587
105,16.6677,1.7552
106,16.6873,1.7780
107,16.6715,1.5695
108,16.6952,1.9974
109,16.6637,1.7567
110,16.6949,1.7589
111,16.6673,1.7555
112,16.6898,2.1751
113,16.6705,1.5704
114,16.6862,2.3425
115,16.6739,2.9838
116,16.7014,3.1056
117,16.6698,2.4224
118,16.6811,2.5850
119,16.6712,2.7389
120,16.6891,3.0515
121,16.6774,4.1928
122,16.6917,3.1391
123,16.6637,2.9021
124,16.6772,2.8903
125,16.6840,2.8964
126,16.6847,2.6231
127,16.6700,3.3433
128,16.7036,2.7526
129,16.6608,2.3886
130,16.6897,2.6800
131,16.6864,2.3490
132,16.6777,2.3257
133,16.6646,2.5411
134,16.6759,1.5746
135,16.6850,1.7830
136,16.7088,1.2638
137,16.6606,1.2506
138,17.2511,1.4148
139,16.1131,1.2533
140,16.6825,1.2703
141,16.6660,1.2616
142,16.6968,1.2680
143,16.6825,1.2707
144,16.6777,1.2547
145,16.6947,1.2652
146,16.6561,1.2640
147,16.6911,1.2502
148,16.6677,1.2497
149,16.6925,1.2514
150,16.6741,1.3958
151,16.6717,1.6695
152,16.7400,1.7680
153,16.6352,1.7504
154,16.6707,1.4081
155,16.6743,1.2682
156,16.6879,1.2714
157,16.6819,1.2656
158,16.6810,1.6523
159,16.7045,1.7866
160,16.6505,1.5709
161,16.6812,2.1249
162,16.6758,1.5780
163,16.7145,1.7491
164,16.6857,1.9461
165,16.6360,2.9040
166,16.6992,1.7946
167,16.7037,1.7467
168,16.6528,1.5669
169,16.6671,2.1385
170,16.7049,2.1604
171,16.6816,1.9919
172,16.6867,2.3237
173,16.6392,1.7809
174,16.7194,1.5634
175,16.6725,1.9895
176,16.7054,1.7998
177,16.6460,1.7545
178,16.6995,1.7921
179,16.6573,1.7519
180,16.6885,1.5710
181,16.6804,1.9815
182,16.6793,1.7485
183,16.7032,1.7449
184,16.6463,1.7712
185,16.6860,1.7540
186,16.7105,1.8703
187,16.6569,1.7558
188,16.6841,1.5625
189,16.7132,1.9880
190,16.6881,1.5609
191,16.6408,1.4320
192,16.6989,1.4198
193,16.6411,1.6277
194,16.6999,1.3978
195,16.6685,2.0259
196,16.7092,1.7452
197,16.6510,1.3894
198,16.6916,1.2577
199,16.6700,1.2464
200,16.6851,1.2541
201,16.6750,1.2447
202,16.6908,1.2535
203,16.7015,1.5845
204,16.6794,1.2577
205,16.6627,1.5270
206,16.6745,1.7480
207,16.6712,1.5927
208,16.6917,1.5759
209,16.6704,1.2514
210,16.7095,1.2533
211,16.6533,1.3912
212,16.6851,1.3909
213,16.6827,1.3527
214,16.6923,1.1128
215,16.6625,1.4037
216,16.6795,1.1090
217,16.6768,1.1033
218,16.6864,1.1035
219,16.6830,1.1011
220,16.6750,1.1064
221,16.6826,1.0168
222,16.6870,0.9832
223,16.6708,0.9731
224,16.6868,0.9275
225,16.6707,0.9198
226,16.6848,0.9042
227,16.6845,0.8702
228,16.6959,0.8782
229,16.6588,0.8574
230,16.6801,0.8591
231,16.6767,0.8432
232,16.6792,0.8550
233,16.6835,0.8663
234,16.6789,0.8218
235,16.6826,0.8565
236,16.6807,0.8416
237,16.6835,0.8352
238,16.6724,0.8419
239,16.6777,0.8511
240,16.6816,0.8495
241,16.6883,0.8582
242,16.7656,0.8593
243,16.6090,0.8597
244,16.6736,0.8266
245,16.6745,0.8213
246,16.6932,0.8355
247,16.6593,0.8364
248,16.6917,0.8461
249,16.7066,0.8467
250,17.1224,0.9275
251,16.2192,0.8382
252,16.6843,0.8295
253,16.6748,0.8338
254,16.6812,0.8227
255,16.6789,0.8299
256,16.6917,0.8058
257,16.7048,0.8170
258,16.6522,0.8680
259,16.6671,0.8775
260,16.6827,0.8769
261,16.6897,0.8815
262,16.6732,0.8354
263,16.6805,0.8499
264,16.7002,0.8293
265,16.6606,0.8263
266,16.6805,0.8257
267,16.6586,0.8368
268,16.7063,0.9150
269,16.6559,0.8990
270,16.7482,0.8678
271,16.6387,0.8180
272,16.6718,0.8282
273,16.6897,0.8382
274,17.1975,0.9015
275,16.1605,0.8515
276,16.6741,0.8205
277,16.7031,0.8362
278,16.6525,0.8414
279,16.6932,0.8215
280,16.6765,0.8264
281,16.7026,0.8345
282,17.0462,1.0962
283,16.3733,0.8619
284,16.6283,0.8344
285,16.6455,0.9151
286,16.6873,0.9381
287,16.6709,0.8978
288,16.6823,0.8390
289,16.6889,0.8304
290,16.6637,0.8102
291,16.6936,0.8338
292,16.6740,0.8506
293,16.7314,0.8492
294,16.6324,0.8410
295,16.6839,0.8552
296,16.6938,0.8543
297,16.6669,0.8261
298,16.6638,0.8485
299,16.6983,0.8428
300,16.6705,0.8319
301,16.7014,0.8489
302,16.6574,0.8466
303,16.6953,0.8470
304,16.6731,0.8095
305,16.6850,0.8393
306,16.6713,0.8266
307,16.6773,0.8601
308,16.6873,0.8611
309,16.6740,0.8615
310,16.6770,0.8456
311,16.6811,0.8606
312,16.6799,0.8273
313,16.6840,0.7997
314,16.6799,0.7981
315,16.6833,0.8204
316,16.6802,0.8131
317,16.6895,0.8429
318,16.6728,0.8518
319,16.6954,0.8495
320,16.6712,0.8520
321,16.6838,0.8464
322,16.6796,0.8428
323,16.6855,0.8396
324,16.6785,0.8110
325,16.6840,0.8335
326,16.6633,0.8874
327,16.7016,0.8223
328,16.6563,0.8880
329,16.6928,0.8416
330,16.6677,0.8257
331,16.6828,0.8256
332,16.6747,0.8258
333,16.6918,0.8126
334,16.6774,0.8728
335,16.6707,0.8454
336,16.6828,0.8478
337,16.6805,0.8488
338,16.6746,0.8430
339,16.6864,0.8775
340,16.7283,0.8262
341,16.6477,0.8537
342,16.6778,0.8846
343,16.6953,0.8460
344,16.6752,0.8311
345,16.7007,0.8452
346,16.6331,0.8921
347,16.6883,0.8382
348,16.7012,1.0148
349,16.6685,0.8320
350,16.6672,0.8379
351,16.7317,0.8279
352,16.6467,0.8383
353,16.6641,0.8341
354,16.6883,0.8541
355,16.6790,0.8477
356,16.6748,0.8555
357,16.6778,0.8507
358,16.6876,0.8478
359,16.6675,0.8541
360,16.6970,0.8489
361,16.6919,0.8480
362,16.6580,0.8327
363,16.6903,0.8383
364,16.6651,0.8465
365,16.7019,0.8492
366,16.7132,0.8559
367,16.6356,0.8516
368,16.6873,1.2135
369,16.6812,0.8432
370,16.7300,0.8380
371,16.6238,0.8471
372,16.6817,0.8380
373,16.6726,0.8402
374,16.6973,0.8376
375,16.6677,0.8512
376,16.6910,0.8438
377,16.6776,0.8343
378,16.6778,0.8299
379,16.6750,0.8223
380,16.6936,0.8620
381,16.6682,0.8591
382,16.6829,0.8907
383,16.6846,0.8376
384,16.6889,0.8516
385,16.6624,0.8192
386,16.6907,0.8356
387,16.6735,0.8544
388,16.6744,0.8675
389,16.6949,0.8265
390,16.6736,0.8508
391,16.6752,0.8580
392,16.6850,0.8582
393,16.6773,0.8521
394,16.6786,0.8470
395,16.6860,0.8479
396,16.6738,0.8509
397,16.6863,0.8372
398,16.6912,0.8249
399,16.6628,0.8148
400,16.6891,0.8281
401,16.6802,0.8387
402,16.6803,0.8742
403,16.6831,0.8532
404,16.6921,0.8487
405,16.6616,0.8598
406,16.6875,0.8611
407,16.6811,0.8516
408,16.6760,0.8598
409,16.6779,0.8440
410,16.6897,0.8401
411,16.6643,0.8414
412,16.6862,0.8478
413,16.7343,0.8519
414,16.6353,0.8538
415,16.6808,0.8203
416,16.6695,0.8585
417,16.7337,0.8688
418,16.6662,0.8556
419,16.8280,0.8409
420,16.4913,0.8239
421,16.7286,0.8673
422,16.6465,0.8542
423,16.7307,0.8409
424,16.8166,0.8631
425,16.4797,0.8794
426,16.6838,0.8644
427,16.6731,0.8551
428,16.6893,0.8724
429,16.6883,0.8743
430,16.6725,0.8525
431,16.6785,0.8623
432,16.6832,0.8810
433,16.6746,0.8601
434,16.6924,0.8675
435,16.6846,0.8580
436,16.6971,1.0985
437,16.6683,0.8473
438,16.6790,0.8807
439,16.6867,0.8665
440,16.6715,0.8484
441,16.6783,0.8750
442,16.6667,0.8594
443,16.6783,0.8488
444,16.6945,0.8420
445,16.6827,0.8355
446,16.6794,0.8267
447,16.7079,0.8557
448,16.6391,0.8865
449,16.6930,0.8511
450,16.6818,0.8616
451,16.6774,0.8619
452,16.6784,0.8703
453,16.6842,0.8746
454,16.6715,0.8505
455,16.6935,0.8458
456,16.6668,0.8346
457,16.6898,0.8405
458,16.6821,0.8299
459,16.6580,0.8714
460,16.6890,0.8465
461,16.6870,0.8672
462,16.6867,0.8429
463,16.6763,0.8531
464,16.6747,0.8358
465,16.6790,0.8482
466,16.6775,0.8565
467,16.6993,0.8478
468,16.6694,0.8489
469,16.6794,0.8507
470,16.6823,0.8327
471,16.6844,0.8610
472,16.6705,0.8546
473,16.6874,0.8271
474,16.6811,0.8533
475,16.6803,0.8567
476,16.6790,0.8779
477,16.6777,0.8557
478,16.6787,0.8678
479,16.6890,0.8828
480,16.6789,0.8340
481,16.6845,0.8559
482,16.6947,1.0178
483,16.6653,0.8913
484,16.6672,0.9342
485,16.7062,1.0677
486,16.6701,1.1217
487,16.6705,1.4770
488,16.6711,2.1567
489,16.6868,2.1799
490,16.6794,3.1043
491,16.6804,3.1123
492,16.6855,3.1056
493,16.7178,3.2031
494,16.6539,3.1021
495,16.6727,3.1082
496,16.7065,1.9005
497,16.6598,1.0169
498,16.6715,0.9901
499,16.6852,1.1294
500,16.6939,1.2847
501,16.6796,1.7035
502,16.6524,1.3508
503,16.7130,2.7098
504,16.6730,2.5762
505,16.6723,2.5484
506,16.6706,3.1487
507,16.6972,3.1041
508,16.7472,3.1061
509,16.5837,3.1074
510,16.6881,1.6656
511,16.7220,1.0552
512,16.6602,1.0320
513,16.6694,1.2739
514,16.6741,1.1628
515,16.6693,2.1129
516,16.7013,1.4128
517,16.7050,2.5432
518,16.6758,2.7705
519,16.6799,2.7894
520,16.6555,2.9034
521,16.6961,2.8745
522,16.6687,1.5699
523,16.6677,1.1832
524,16.7287,1.0602
525,16.6835,1.3366
526,16.6256,1.2478
527,16.6791,1.3636
528,16.7450,1.5418
529,16.6313,2.0614
530,16.7090,2.5421
531,16.6437,3.2370
532,16.7340,3.1834
533,16.6315,3.1569
534,16.7110,3.1906
535,16.6399,3.1741
536,16.6827,1.4363
537,16.6701,1.2321
538,16.7099,1.0888
539,16.6646,1.1660
540,16.6835,1.2263
541,16.6798,1.4234
542,16.6748,1.5236
543,16.6838,1.8219
544,16.6800,3.4373
545,16.6879,2.7844
546,16.6859,3.1064
547,16.6625,3.1107
548,16.6967,3.1057
549,16.6711,3.1040
550,16.6782,3.1058
551,16.6692,3.1034
552,16.6841,3.1040
553,16.6868,3.1031
554,16.7001,3.1296
555,16.6632,3.1072
556,16.6725,1.2701
557,16.6787,1.1002
558,16.6852,1.1058
559,16.6821,1.2290
560,16.6988,1.3988
561,16.6679,1.4555
562,16.6916,1.7538
563,16.6626,2.0681
564,16.6849,3.9148
565,16.6633,3.4239
566,16.6999,3.1087
567,16.6746,3.1055
568,16.6892,3.1079
569,16.6760,3.1024
570,16.6776,4.4965
571,16.6707,3.5125
572,16.6832,3.1077
573,16.6854,3.1056
574,16.6834,3.1873
575,16.6799,3.1193
576,16.6955,4.5172
577,16.6612,3.5123
578,16.6823,3.1206
579,16.6733,3.1066
580,16.6957,3.1045
581,16.6682,3.1281
582,16.6950,3.1050
583,16.7072,3.1041
584,16.6575,4.4876
585,16.6583,3.5128
586,16.6948,3.1620
587,16.6774,3.2142
588,16.6929,3.0992
589,16.6849,3.1729
590,16.7314,2.8813
591,16.5992,2.7833
592,16.7006,3.1613
593,16.6744,1.1017
594,16.6943,1.2318
595,16.6681,1.1675
596,16.6782,1.3902
597,16.6592,1.2576
598,16.7270,1.5647
599,16.6525,1.5528
600,16.6782,2.3345
601,16.6830,3.1070
602,16.6816,3.1129
603,16.6853,3.1207
